<?xml version="1.0" encoding="UTF-8"?>
<jobs xmlns="http://www.demandware.com/xml/impex/jobs/2015-07-01">
    <job job-id="Algolia_products_reindex" priority="0">
        <description>Export products to Algolia service for update search index files</description>
        <parameters/>
        <flow>
            <context site-id="RefArch"/>
            <step step-id="productIndexJob" type="ExecuteScriptModule" enforce-restart="false">
                <description/>
                <parameters>
                    <parameter name="ExecuteScriptModule.Module">int_algolia/cartridge/scripts/algolia/job/productsIndexJob.js</parameter>
                    <parameter name="ExecuteScriptModule.FunctionName">execute</parameter>
                    <parameter name="ExecuteScriptModule.Transactional">false</parameter>
                    <parameter name="init">true</parameter>
                </parameters>
            </step>
            <step step-id="sendProductsDelta" type="ExecuteScriptModule" enforce-restart="false">
                <description/>
                <parameters>
                    <parameter name="ExecuteScriptModule.Module">int_algolia/cartridge/scripts/algolia/job/sendProductsDelta.js</parameter>
                    <parameter name="ExecuteScriptModule.FunctionName">execute</parameter>
                    <parameter name="ExecuteScriptModule.Transactional">false</parameter>
                </parameters>
            </step>
        </flow>
        <rules/>
        <triggers>
            <run-once enabled="false">
                <date>2020-04-03Z</date>
                <time>11:58:28.000Z</time>
            </run-once>
        </triggers>
    </job>

    <job job-id="Algolia_categories_reindex" priority="0">
        <description>Export categories to Algolia service for update search index files</description>
        <parameters/>
        <flow>
            <context site-id="RefArch"/>
            <step step-id="categoryIndexJob" type="ExecuteScriptModule" enforce-restart="false">
                <description/>
                <parameters>
                    <parameter name="ExecuteScriptModule.Module">int_algolia/cartridge/scripts/algolia/job/categoryIndexJob.js</parameter>
                    <parameter name="ExecuteScriptModule.FunctionName">execute</parameter>
                    <parameter name="ExecuteScriptModule.Transactional">false</parameter>
                    <parameter name="init">true</parameter>
                </parameters>
            </step>
            <step step-id="sendCategoriesDelta" type="ExecuteScriptModule" enforce-restart="false">
                <description/>
                <parameters>
                    <parameter name="ExecuteScriptModule.Module">int_algolia/cartridge/scripts/algolia/job/sendCategoriesDelta.js</parameter>
                    <parameter name="ExecuteScriptModule.FunctionName">execute</parameter>
                    <parameter name="ExecuteScriptModule.Transactional">false</parameter>
                </parameters>
            </step>
        </flow>
        <rules/>
        <triggers>
            <run-once enabled="false">
                <date>2020-04-15Z</date>
                <time>07:48:46.000Z</time>
            </run-once>
        </triggers>
    </job>
</jobs>
