<?xml version="1.0" encoding="UTF-8"?>
<services xmlns="http://www.demandware.com/xml/impex/services/2014-09-26">
    <service-credential service-credential-id="algolia.http.api.cred">
        <url>https://shopify-stream-testing.algolia.com</url>
        <user-id>sfcc</user-id>
        <password encrypted="true" encryption-type="common.export">IMilciOGVlkGS2AOFhT2GBpxztf8V4vjnAeys/Yn/54guN5EpLuYQqY7JrF4haB4CpaXaRvjN/71wZXyKzIETg==</password>
    </service-credential>

    <service-profile service-profile-id="algolia.http.api.profile">
        <timeout-millis>50000</timeout-millis>
        <rate-limit-enabled>false</rate-limit-enabled>
        <rate-limit-calls>0</rate-limit-calls>
        <rate-limit-millis>0</rate-limit-millis>
        <cb-enabled>false</cb-enabled>
        <cb-calls>10</cb-calls>
        <cb-millis>0</cb-millis>
    </service-profile>

    <service service-id="algolia.http.api">
        <service-type>HTTP</service-type>
        <enabled>true</enabled>
        <log-prefix>algolia</log-prefix>
        <comm-log-enabled>false</comm-log-enabled>
        <force-prd-enabled>true</force-prd-enabled>
        <mock-mode-enabled>false</mock-mode-enabled>
        <profile-id>algolia.http.api.profile</profile-id>
        <credential-id>algolia.http.api.cred</credential-id>
    </service>
</services>
