<?xml version="1.0" encoding="UTF-8"?>
<metadata xmlns="http://www.demandware.com/xml/impex/metadata/2006-10-31">
    <type-extension type-id="SitePreferences">
        <custom-attribute-definitions>
            <attribute-definition attribute-id="Algolia_ApplicationID">
                <display-name xml:lang="x-default">Application ID</display-name>
                <description xml:lang="x-default">Identifies the application for this site</description>
                <type>string</type>
                <mandatory-flag>false</mandatory-flag>
                <externally-managed-flag>false</externally-managed-flag>
                <min-length>0</min-length>
            </attribute-definition>
            <attribute-definition attribute-id="Algolia_CustomFields">
                <display-name xml:lang="x-default">Custom Fields</display-name>
                <description xml:lang="x-default">Any additional attributes of Product Object</description>
                <type>set-of-string</type>
                <mandatory-flag>false</mandatory-flag>
                <externally-managed-flag>false</externally-managed-flag>
            </attribute-definition>
            <attribute-definition attribute-id="Algolia_Enable">
                <display-name xml:lang="x-default">Enable Algolia</display-name>
                <description xml:lang="x-default">Enable/disable all Algolia</description>
                <type>boolean</type>
                <mandatory-flag>false</mandatory-flag>
                <externally-managed-flag>false</externally-managed-flag>
            </attribute-definition>
            <attribute-definition attribute-id="Algolia_HostBase">
                <display-name xml:lang="x-default">Read Host Base Url</display-name>
                <description xml:lang="x-default">Host for read operations</description>
                <type>string</type>
                <mandatory-flag>false</mandatory-flag>
                <externally-managed-flag>false</externally-managed-flag>
                <min-length>0</min-length>
            </attribute-definition>
            <attribute-definition attribute-id="Algolia_InStockThreshold">
                <display-name xml:lang="x-default">InStock Threshold</display-name>
                <description xml:lang="x-default">Stock Threshold</description>
                <type>double</type>
                <mandatory-flag>false</mandatory-flag>
                <externally-managed-flag>false</externally-managed-flag>
            </attribute-definition>
            <attribute-definition attribute-id="Algolia_LastCategorySyncDate">
                <display-name xml:lang="x-default">Last Category Sync Date</display-name>
                <description xml:lang="x-default">Timestamp of the last Category index sync job run</description>
                <type>datetime</type>
                <mandatory-flag>false</mandatory-flag>
                <externally-managed-flag>false</externally-managed-flag>
            </attribute-definition>
            <attribute-definition attribute-id="Algolia_LastProductSyncDate">
                <display-name xml:lang="x-default">Last Product Sync Date</display-name>
                <description xml:lang="x-default">Timestamp of the last product index sync job run</description>
                <type>datetime</type>
                <mandatory-flag>false</mandatory-flag>
                <externally-managed-flag>false</externally-managed-flag>
            </attribute-definition>
            <attribute-definition attribute-id="Algolia_LastProductSyncLog">
                <display-name xml:lang="x-default">Last Product Sync Log</display-name>
                <description xml:lang="x-default">Log of the last product index sync job run</description>
                <type>string</type>
                <mandatory-flag>false</mandatory-flag>
                <externally-managed-flag>false</externally-managed-flag>
                <min-length>0</min-length>
            </attribute-definition>
            <attribute-definition attribute-id="Algolia_LastCategorySyncLog">
                <display-name xml:lang="x-default">Last Category Sync Log</display-name>
                <description xml:lang="x-default">Log of the last category index sync job run</description>
                <type>string</type>
                <mandatory-flag>false</mandatory-flag>
                <externally-managed-flag>false</externally-managed-flag>
                <min-length>0</min-length>
            </attribute-definition>
            <attribute-definition attribute-id="Algolia_SearchApiKey">
                <display-name xml:lang="x-default">Search API key</display-name>
                <description xml:lang="x-default">Authorization key for Algolia</description>
                <type>string</type>
                <mandatory-flag>false</mandatory-flag>
                <externally-managed-flag>false</externally-managed-flag>
                <min-length>0</min-length>
            </attribute-definition>
            <attribute-definition attribute-id="Algolia_AdminApiKey">
                <display-name xml:lang="x-default">Admin API key</display-name>
                <description xml:lang="x-default">Authorization Admin key for Algolia</description>
                <type>string</type>
                <mandatory-flag>false</mandatory-flag>
                <externally-managed-flag>false</externally-managed-flag>
                <min-length>0</min-length>
            </attribute-definition>
        </custom-attribute-definitions>
        <group-definitions>
            <attribute-group group-id="Algolia">
                <display-name xml:lang="x-default">Algolia</display-name>
                <attribute attribute-id="Algolia_Enable"/>
                <attribute attribute-id="Algolia_ApplicationID"/>
                <attribute attribute-id="Algolia_SearchApiKey"/>
                <attribute attribute-id="Algolia_AdminApiKey"/>
                <attribute attribute-id="Algolia_HostBase"/>
                <attribute attribute-id="Algolia_InStockThreshold"/>
                <attribute attribute-id="Algolia_CustomFields"/>
            </attribute-group>
        </group-definitions>
    </type-extension>

</metadata>
